init_lr;peak_lr;final_lr;begin_constant;begin_decay
0.0001;0.005;0.00001;4;25
0.0001;0.005;0.00001;8;25
0.000005;0.0005;0.00001;4;25
0.0001;0.0005;0.000001;4;25
0.0001;0.005;0.00001;4;25
0.0001;0.005;0.00001;6;25
0.00005;0.0001;0.00001;4;25
0.0001;0.0005;0.000001;4;25
