init_lr;peak_lr;final_lr;begin_constant;begin_decay
0.0001;0.005;0.00001;4;15
0.0001;0.005;0.00001;6;15
0.00005;0.0001;0.00001;4;16
0.00005;0.0001;0.00001;6;16
0.00002;0.0001;0.00001;4;15
0.00002;0.0001;0.00001;6;15
0.0001;0.0005;0.000001;4;16
0.0001;0.0005;0.000001;6;16
0.0001;0.0005;0.000001;4;16
0.0001;0.0005;0.000001;6;16