init_lr;peak_lr;final_lr;begin_constant;begin_decay,layer_norm
0.0001;0.005;0.00001;4;15;Yes
0.0001;0.005;0.00001;6;15;Yes
0.00005;0.0001;0.00001;4;16;Yes
0.0001;0.0005;0.000001;4;16;Yes
0.0001;0.005;0.00001;4;15;No
0.0001;0.005;0.00001;6;15;No
0.00005;0.0001;0.00001;4;16;No
0.0001;0.0005;0.000001;4;16;No
